{
	"format_version": "1.21.0",
	"animations": {
		"surge_left": {
			"loop": true,
			"animation_length": 1,
			"bones": {
				"torso": {
					"rotation": {
						"0.0": {
							"vector": [0, 0, 0]
						},
						"0.25": {
							"vector": [1, 0, 0]
						},
						"0.5": {
							"vector": [0, 0, 0]
						},
						"0.75": {
							"vector": [1, 0, 0]
						},
						"1.0": {
							"vector": [0, 0, 0]
						}
					},
					"position": {
						"0.0": {
							"vector": [0, 0, 0]
						},
						"0.25": {
							"pre": {
								"vector": [0, 0.1, 0]
							},
							"post": {
								"vector": [0, 0.1, 0]
							},
							"lerp_mode": "catmullrom"
						},
						"0.5": {
							"vector": [0, 0, 0]
						},
						"0.75": {
							"pre": {
								"vector": [0, 0.1, 0]
							},
							"post": {
								"vector": [0, 0.1, 0]
							},
							"lerp_mode": "catmullrom"
						},
						"1.0": {
							"vector": [0, 0, 0]
						}
					}
				},
				"head": {
					"rotation": {
						"0.0": {
							"vector": [-7.5, 0, 0]
						},
						"0.0417": [-7.80018, 0.1462, -0.03243],
						"0.0833": [-8.69492, 0.58195, -0.12909],
						"0.1667": [-11.31658, 1.85875, -0.41231],
						"0.2083": [-12.21132, 2.2945, -0.50897],
						"0.25": {
							"vector": [-12.5115, 2.4407, -0.5414]
						},
						"0.2917": [-12.21132, 2.2945, -0.50897],
						"0.3333": [-11.31658, 1.85875, -0.41231],
						"0.4167": [-8.69492, 0.58195, -0.12909],
						"0.4583": [-7.80018, 0.1462, -0.03243],
						"0.5": {
							"vector": [-7.5, 0, 0]
						},
						"0.5417": [-7.80018, -0.1462, 0.03243],
						"0.5833": [-8.69492, -0.58195, 0.12909],
						"0.6667": [-11.31658, -1.85875, 0.41231],
						"0.7083": [-12.21132, -2.2945, 0.50897],
						"0.75": {
							"vector": [-12.5115, -2.4407, 0.5414]
						},
						"0.7917": [-12.21132, -2.2945, 0.50897],
						"0.8333": [-11.31658, -1.85875, 0.41231],
						"0.9167": [-8.69492, -0.58195, 0.12909],
						"0.9583": [-7.80018, -0.1462, 0.03243],
						"1.0": {
							"vector": [-7.5, 0, 0]
						}
					}
				},
				"right_arm": {
					"rotation": {
						"0.0": {
							"post": {
								"vector": [52.5, 0, 0]
							},
							"lerp_mode": "catmullrom"
						},
						"0.1667": {
							"post": {
								"vector": [50, 0, 0]
							},
							"lerp_mode": "catmullrom"
						},
						"0.2083": [50.20275, 0, 0],
						"0.2917": [52.29725, 0, 0],
						"0.3333": {
							"vector": [52.5, 0, 0]
						},
						"0.375": [52.32887, 0, 0],
						"0.4167": [51.71231, 0, 0],
						"0.4583": [50.78769, 0, 0],
						"0.5": [50.17113, 0, 0],
						"0.5417": {
							"vector": [50, 0, 0]
						},
						"0.5833": [50.20275, 0, 0],
						"0.6667": [52.29725, 0, 0],
						"0.7083": {
							"vector": [52.5, 0, 0]
						},
						"0.75": [52.29725, 0, 0],
						"0.8333": [50.20275, 0, 0],
						"0.875": {
							"vector": [50, 0, 0]
						},
						"0.9167": [50.25763, 0, 0],
						"0.9583": [52.24237, 0, 0],
						"1.0": {
							"pre": {
								"vector": [52.5, 0, 0]
							},
							"post": {
								"vector": [52.5, 0, 0]
							},
							"lerp_mode": "catmullrom"
						}
					}
				},
				"left_arm": {
					"rotation": {
						"0.0": {
							"vector": [-75, 0, 0]
						},
						"0.0417": [-74.85025, 0, 0],
						"0.0833": [-74.40391, 0, 0],
						"0.1667": [-73.09609, 0, 0],
						"0.2083": [-72.64975, 0, 0],
						"0.25": {
							"vector": [-72.5, 0, 0]
						},
						"0.2917": [-72.64975, 0, 0],
						"0.3333": [-73.09609, 0, 0],
						"0.4167": [-74.40391, 0, 0],
						"0.4583": [-74.85025, 0, 0],
						"0.5": {
							"vector": [-75, 0, 0]
						},
						"0.5417": [-74.85025, 0, 0],
						"0.5833": [-74.40391, 0, 0],
						"0.6667": [-73.09609, 0, 0],
						"0.7083": [-72.64975, 0, 0],
						"0.75": {
							"vector": [-72.5, 0, 0]
						},
						"0.7917": [-72.64975, 0, 0],
						"0.8333": [-73.09609, 0, 0],
						"0.9167": [-74.40391, 0, 0],
						"0.9583": [-74.85025, 0, 0],
						"1.0": {
							"vector": [-75, 0, 0]
						}
					}
				},
				"leftItem": {
					"rotation": {
						"vector": [60, 0, 0]
					}
				},
				"right_leg": {
					"rotation": {
						"0.0": {
							"post": {
								"vector": [15, 0, 0]
							},
							"lerp_mode": "catmullrom"
						},
						"0.0417": [15.27304, 0, 0],
						"0.0833": [15.81729, 0, 0],
						"0.375": [21.01926, 0, 0],
						"0.4167": [21.68271, 0, 0],
						"0.4583": [22.22696, 0, 0],
						"0.5": {
							"vector": [22.5, 0, 0]
						},
						"0.5417": [22.22696, 0, 0],
						"0.5833": [21.68271, 0, 0],
						"0.875": [16.48074, 0, 0],
						"0.9167": [15.81729, 0, 0],
						"0.9583": [15.27304, 0, 0],
						"1.0": {
							"pre": {
								"vector": [15, 0, 0]
							},
							"post": {
								"vector": [15, 0, 0]
							},
							"lerp_mode": "catmullrom"
						}
					}
				},
				"left_leg": {
					"rotation": {
						"0.0": {
							"post": {
								"vector": [22.5, 0, 0]
							},
							"lerp_mode": "catmullrom"
						},
						"0.0417": [22.22696, 0, 0],
						"0.0833": [21.68271, 0, 0],
						"0.375": [16.48074, 0, 0],
						"0.4167": [15.81729, 0, 0],
						"0.4583": [15.27304, 0, 0],
						"0.5": {
							"vector": [15, 0, 0]
						},
						"0.5417": [15.27304, 0, 0],
						"0.5833": [15.81729, 0, 0],
						"0.875": [21.01926, 0, 0],
						"0.9167": [21.68271, 0, 0],
						"0.9583": [22.22696, 0, 0],
						"1.0": {
							"pre": {
								"vector": [22.5, 0, 0]
							},
							"post": {
								"vector": [22.5, 0, 0]
							},
							"lerp_mode": "catmullrom"
						}
					}
				}
			}
		},
		"surge_right": {
			"loop": true,
			"animation_length": 1,
			"bones": {
				"torso": {
					"rotation": {
						"0.0": {
							"vector": [0, 0, 0]
						},
						"0.25": {
							"vector": [1, 0, 0]
						},
						"0.5": {
							"vector": [0, 0, 0]
						},
						"0.75": {
							"vector": [1, 0, 0]
						},
						"1.0": {
							"vector": [0, 0, 0]
						}
					},
					"position": {
						"0.0": {
							"vector": [0, 0, 0]
						},
						"0.25": {
							"pre": {
								"vector": [0, 0.1, 0]
							},
							"post": {
								"vector": [0, 0.1, 0]
							},
							"lerp_mode": "catmullrom"
						},
						"0.5": {
							"vector": [0, 0, 0]
						},
						"0.75": {
							"pre": {
								"vector": [0, 0.1, 0]
							},
							"post": {
								"vector": [0, 0.1, 0]
							},
							"lerp_mode": "catmullrom"
						},
						"1.0": {
							"vector": [0, 0, 0]
						}
					}
				},
				"head": {
					"rotation": {
						"0.0": {
							"vector": [-7.5, 0, 0]
						},
						"0.0417": [-7.80018, 0.1462, -0.03243],
						"0.0833": [-8.69492, 0.58195, -0.12909],
						"0.1667": [-11.31658, 1.85875, -0.41231],
						"0.2083": [-12.21132, 2.2945, -0.50897],
						"0.25": {
							"vector": [-12.5115, 2.4407, -0.5414]
						},
						"0.2917": [-12.21132, 2.2945, -0.50897],
						"0.3333": [-11.31658, 1.85875, -0.41231],
						"0.4167": [-8.69492, 0.58195, -0.12909],
						"0.4583": [-7.80018, 0.1462, -0.03243],
						"0.5": {
							"vector": [-7.5, 0, 0]
						},
						"0.5417": [-7.80018, -0.1462, 0.03243],
						"0.5833": [-8.69492, -0.58195, 0.12909],
						"0.6667": [-11.31658, -1.85875, 0.41231],
						"0.7083": [-12.21132, -2.2945, 0.50897],
						"0.75": {
							"vector": [-12.5115, -2.4407, 0.5414]
						},
						"0.7917": [-12.21132, -2.2945, 0.50897],
						"0.8333": [-11.31658, -1.85875, 0.41231],
						"0.9167": [-8.69492, -0.58195, 0.12909],
						"0.9583": [-7.80018, -0.1462, 0.03243],
						"1.0": {
							"vector": [-7.5, 0, 0]
						}
					}
				},
				"right_arm": {
					"rotation": {
						"0.0": {
							"vector": [-75, 0, 0]
						},
						"0.0417": [-74.85025, 0, 0],
						"0.0833": [-74.40391, 0, 0],
						"0.1667": [-73.09609, 0, 0],
						"0.2083": [-72.64975, 0, 0],
						"0.25": {
							"vector": [-72.5, 0, 0]
						},
						"0.2917": [-72.64975, 0, 0],
						"0.3333": [-73.09609, 0, 0],
						"0.4167": [-74.40391, 0, 0],
						"0.4583": [-74.85025, 0, 0],